timestamp,facility,lot_id,event,operation,quantity,material_ids,attributes
2026-08-03T06:00:00Z,EWF-FAB1,LOT-EXAMPLE-A,LOT_START,LOT START,2,W01|W02,product=PSOC130|process=SKY130 (130 nm CMOS)|mask_set=MS-EXAMPLE-0001
2026-08-03T09:00:00Z,EWF-FAB1,LOT-EXAMPLE-A,TRACK_OUT,MASK GDS XOR,1,,result=PASS|reticles=24
2026-08-05T08:00:00Z,EWF-FAB1,LOT-EXAMPLE-A,TRACK_OUT,DIFFUSION,2,W01|W02,result=PASS
2026-08-08T08:00:00Z,EWF-FAB1,LOT-EXAMPLE-A,TRACK_OUT,PHOTO M1,2,W01|W02,result=PASS
2026-08-11T08:00:00Z,EWF-FAB1,LOT-EXAMPLE-A,TRACK_OUT,ETCH M1,2,W01|W02,result=PASS
2026-08-14T08:00:00Z,EWF-FAB1,LOT-EXAMPLE-A,TRACK_OUT,CMP,2,W01|W02,result=PASS
2026-08-17T08:00:00Z,EWF-FAB1,LOT-EXAMPLE-A,TRACK_OUT,PHOTO M5,2,W01|W02,result=PASS
2026-08-20T08:00:00Z,EWF-FAB1,LOT-EXAMPLE-A,TRACK_OUT,PASSIVATION,2,W01|W02,result=PASS
2026-08-26T14:00:00Z,EWF-FAB1,LOT-EXAMPLE-A,TRACK_OUT,INLINE PARAMETRICS,2,W01|W02,result=PASS|sites=9
2026-08-28T10:00:00Z,EWF-FAB1,LOT-EXAMPLE-A,SHIP,SHIP,2,W01|W02,ship_to=Example Sort House
