unit_id,lot_id,source_lot_id,wafer_id,die_x,die_y
PSOC130-A0-00001,ASM-EXAMPLE-17,LOT-EXAMPLE-A,W01,0,0
PSOC130-A0-00002,ASM-EXAMPLE-17,LOT-EXAMPLE-A,W01,1,0
PSOC130-A0-00003,ASM-EXAMPLE-17,LOT-EXAMPLE-A,W01,3,0
PSOC130-A0-00004,ASM-EXAMPLE-17,LOT-EXAMPLE-A,W01,4,0
PSOC130-A0-00005,ASM-EXAMPLE-17,LOT-EXAMPLE-A,W01,0,1
PSOC130-A0-00006,ASM-EXAMPLE-17,LOT-EXAMPLE-A,W01,1,1
PSOC130-A0-00007,ASM-EXAMPLE-17,LOT-EXAMPLE-A,W01,2,1
PSOC130-A0-00008,ASM-EXAMPLE-17,LOT-EXAMPLE-A,W01,3,1
PSOC130-A0-00009,ASM-EXAMPLE-17,LOT-EXAMPLE-A,W01,4,1
PSOC130-A0-00010,ASM-EXAMPLE-17,LOT-EXAMPLE-A,W01,0,2
PSOC130-A0-00011,ASM-EXAMPLE-17,LOT-EXAMPLE-A,W01,1,2
PSOC130-A0-00012,ASM-EXAMPLE-17,LOT-EXAMPLE-A,W01,2,2
PSOC130-A0-00013,ASM-EXAMPLE-17,LOT-EXAMPLE-A,W01,3,2
PSOC130-A0-00014,ASM-EXAMPLE-17,LOT-EXAMPLE-A,W01,4,2
PSOC130-A0-00015,ASM-EXAMPLE-17,LOT-EXAMPLE-A,W01,0,3
PSOC130-A0-00016,ASM-EXAMPLE-17,LOT-EXAMPLE-A,W01,1,3
PSOC130-A0-00017,ASM-EXAMPLE-17,LOT-EXAMPLE-A,W01,2,3
PSOC130-A0-00018,ASM-EXAMPLE-17,LOT-EXAMPLE-A,W01,3,3
PSOC130-A0-00019,ASM-EXAMPLE-17,LOT-EXAMPLE-A,W01,0,4
PSOC130-A0-00020,ASM-EXAMPLE-17,LOT-EXAMPLE-A,W01,1,4
PSOC130-A0-00021,ASM-EXAMPLE-17,LOT-EXAMPLE-A,W01,2,4
PSOC130-A0-00022,ASM-EXAMPLE-17,LOT-EXAMPLE-A,W01,3,4
PSOC130-A0-00023,ASM-EXAMPLE-17,LOT-EXAMPLE-A,W01,4,4
PSOC130-A0-00024,ASM-EXAMPLE-17,LOT-EXAMPLE-A,W02,0,0
PSOC130-A0-00025,ASM-EXAMPLE-17,LOT-EXAMPLE-A,W02,1,0
PSOC130-A0-00026,ASM-EXAMPLE-17,LOT-EXAMPLE-A,W02,2,0
PSOC130-A0-00027,ASM-EXAMPLE-17,LOT-EXAMPLE-A,W02,3,0
PSOC130-A0-00028,ASM-EXAMPLE-17,LOT-EXAMPLE-A,W02,4,0
PSOC130-A0-00029,ASM-EXAMPLE-17,LOT-EXAMPLE-A,W02,1,1
PSOC130-A0-00030,ASM-EXAMPLE-17,LOT-EXAMPLE-A,W02,2,1
PSOC130-A0-00031,ASM-EXAMPLE-17,LOT-EXAMPLE-A,W02,3,1
PSOC130-A0-00032,ASM-EXAMPLE-17,LOT-EXAMPLE-A,W02,4,1
PSOC130-A0-00033,ASM-EXAMPLE-17,LOT-EXAMPLE-A,W02,0,2
PSOC130-A0-00034,ASM-EXAMPLE-17,LOT-EXAMPLE-A,W02,1,2
PSOC130-A0-00035,ASM-EXAMPLE-17,LOT-EXAMPLE-A,W02,2,2
PSOC130-A0-00036,ASM-EXAMPLE-17,LOT-EXAMPLE-A,W02,3,2
PSOC130-A0-00037,ASM-EXAMPLE-17,LOT-EXAMPLE-A,W02,4,2
PSOC130-A0-00038,ASM-EXAMPLE-17,LOT-EXAMPLE-A,W02,0,3
PSOC130-A0-00039,ASM-EXAMPLE-17,LOT-EXAMPLE-A,W02,1,3
PSOC130-A0-00040,ASM-EXAMPLE-17,LOT-EXAMPLE-A,W02,2,3
